<GuiXml>
	<Font name="GDSFontGameBig" font="$(MEDIUM_FONT)|$(KB_20)|soft-shadow-thin" />
	<Controls>
		<TopLevelControl name="GROUPDAMAGESHARE_WRAPPER" clampedToScreen="true">
			<AnchorFill/>
			<Controls>
				<Control name="GROUPDAMAGESHARE_TLW" clampedToScreen="true" resizeToFitDescendents="true" mouseEnabled="true">
					<Dimensions x="350" y="200" />
					<Anchor point="TOPLEFT"/>
					<Controls>
						<Backdrop name="$(parent)Bg" centerColor="DD000000" edgeColor="EE000000">
							<Anchor point="TOPLEFT" offsetX="0" offsetY="0" />
							<Anchor point="BOTTOMRIGHT" offsetX="0" offsetY="0" />
							<Edge edgeSize="2" />
						</Backdrop>
						<Texture name="$(parent)IconClose" textureFile="GroupDamageShare/icons/deleteiconover.dds" mouseEnabled="true">
							<Anchor point="TOPRIGHT" relativePoint="TOPRIGHT" relativeTo="$(parent)Bg" offsetX="-5" offsetY="1" />
							<Dimensions x="28" y="28"/>
							<OnMouseUp>
								GDS_Hide()
							</OnMouseUp>
						</Texture>
						<Texture name="$(parent)IconEnd" textureFile="GroupDamageShare/icons/endarrowover.dds" mouseEnabled="true">
							<Anchor point="RIGHT" relativePoint="LEFT" relativeTo="$(parent)IconClose" offsetX="-5" offsetY="0" />
							<Dimensions x="28" y="28"/>
							<OnMouseUp>
								GDS_Selector("end")
							</OnMouseUp>
						</Texture>
						<Texture name="$(parent)IconRight" textureFile="GroupDamageShare/icons/rightarrowover.dds" mouseEnabled="true">
							<Anchor point="RIGHT" relativePoint="LEFT" relativeTo="$(parent)IconEnd" offsetX="-5" offsetY="0" />
							<Dimensions x="28" y="28"/>
							<OnMouseUp>
								GDS_Selector(-1)
							</OnMouseUp>
						</Texture>
						<Texture name="$(parent)IconLeft" textureFile="GroupDamageShare/icons/leftarrowover.dds" mouseEnabled="true">
							<Anchor point="RIGHT" relativePoint="LEFT" relativeTo="$(parent)IconRight" offsetX="-5" offsetY="0" />
							<Dimensions x="28" y="28"/>
							<OnMouseUp>
								GDS_Selector(1)
							</OnMouseUp>
						</Texture>
						<Texture name="$(parent)IconSwitch" textureFile="esoui/art/lfg/lfg_dps_down_64.dds" mouseEnabled="true">
							<Anchor point="RIGHT" relativePoint="LEFT" relativeTo="$(parent)IconLeft" offsetX="-5" offsetY="-1" />
							<Dimensions x="28" y="28"/>
							<OnMouseUp>
								GDS_Switch()
							</OnMouseUp>
						</Texture>
						<Label name="$(parent)Label" horizontalAlignment="TEXT_ALIGN-_RIGHT" verticalAlignment="TEXT_ALIGN_CENTER" font="GDSFontGameBig" text="DPS">
							<Anchor point="TOPLEFT" relativePoint="TOPLEFT" relativeTo="$(parent)Bg" offsetX="5" offsetY="4" />
							<Anchor point="BOTTOMRIGHT" relativePoint="BOTTOMLEFT" relativeTo="$(parent)IconSwitch" offsetX="0" offsetY="-4" />
						</Label>
						<Backdrop name="$(parent)Sep" edgeColor="FFFFFF">
							<Anchor point="TOPLEFT" relativeTo="$(parent)Bg" offsetX="5" offsetY="31" />
							<Anchor point="TOPRIGHT" relativeTo="$(parent)Bg" offsetX="-5" offsetY="31" />
							<Edge edgeSize="1" />
						</Backdrop>
					</Controls>
				</Control>
			</Controls>
		</TopLevelControl>
		<Control name="GROUPDAMAGESHARE_UnitItemTemplate" virtual="true" resizeToFitDescendents="true">
			<ResizeToFitPadding width="5" height="2"/>
			<Controls>
				<Backdrop name="$(parent)Bg" centerColor="CC000000" edgeColor="00000000">
					<Dimensions x="300" y="24" />
					<Anchor point="TOPLEFT" relativePoint="TOPLEFT" relativeTo="$(parent)" offsetX="0" offsetY="0" />
				</Backdrop>
				<Backdrop name="$(parent)Bg2" centerColor="CC000000" edgeColor="00000000">
					<Dimensions x="120" y="24" />
					<Anchor point="TOPLEFT" relativePoint="TOPRIGHT" relativeTo="$(parent)Bg" offsetX="4" offsetY="0" />
				</Backdrop>
				<StatusBar name="$(parent)Bar" color="FF00AA00">
					<Dimensions x="300" y="24" />
					<Anchor point="TOPLEFT" relativePoint="TOPLEFT" relativeTo="$(parent)Bg" offsetX="0" offsetY="0" />
				</StatusBar>
				<Label name="$(parent)Value" horizontalAlignment="TEXT_ALIGN_RIGHT" verticalAlignment="TEXT_ALIGN_CENTER" font="ZoFontGameMedium" text="1000" resizeToFitDescendents="true">
					<Dimensions x="24" y="24"/>
					<Anchor point="RIGHT" relativePoint="RIGHT" relativeTo="$(parent)Bg" offsetX="-4" offsetY="-2" />
				</Label>
				<StatusBar name="$(parent)Bar2" color="FFAAAA00">
					<Dimensions x="120" y="24" />
					<Anchor point="TOPLEFT" relativePoint="TOPLEFT" relativeTo="$(parent)Bg2" offsetX="0" offsetY="0" />
				</StatusBar>
				<Label name="$(parent)Time" horizontalAlignment="TEXT_ALIGN_RIGHT" verticalAlignment="TEXT_ALIGN_CENTER" font="ZoFontGameMedium" text="10.0" resizeToFitDescendents="true">
					<Dimensions x="24" y="24"/>
					<Anchor point="RIGHT" relativePoint="RIGHT" relativeTo="$(parent)Bg2" offsetX="-4" offsetY="-2" />
				</Label>
				<Texture name="$(parent)Icon" textureFile="esoui/art/icons/class/class_dragonknight.dds" layer="2">
					<Dimensions x="24" y="24"/>
					<Anchor point="TOPLEFT" relativePoint="TOPLEFT" relativeTo="$(parent)Bg" offsetX="0" offsetY="0" />
				</Texture>
				<Label name="$(parent)Label" horizontalAlignment="TEXT_ALIGN_LEFT" verticalAlignment="TEXT_ALIGN_CENTER" font="ZoFontGameMedium" text="player" resizeToFitDescendents="true">
					<Dimensions x="24" y="24"/>
					<Anchor point="TOPLEFT" relativePoint="TOPRIGHT" relativeTo="$(parent)Icon" offsetX="4" offsetY="-2" />
				</Label>
			</Controls>
		</Control>
	</Controls>
</GuiXml>